User,Text,Date
@BarisUnver,700 bin lira bütçeye uygun en dertsiz aile arabası nedir?,2025-12-26T06:33:05.000Z
@anumariiii,Aga her modele bi  cevabın var ama nedense diyorsun ki anlamayan biri için tavsiye.sen anlamadigindan eminmisin,2025-12-26T20:53:14.000Z
@BarisUnver,"Vallahi anlamıyorum ya, verdiğin cevaplarda bilgi namına pek bir şey yok, olanlar da başka cevaplardan kıt aklımla anladıklarım.",2025-12-26T21:10:03.000Z
@turistikoda,Ne fakirsin 700 ü ben bazen ayda kazanıyorum.,2025-12-26T20:57:29.000Z
@BarisUnver,"Allah sana daha çok versin, yapacak bir şey yok bütçem bu kadar.",2025-12-26T21:12:59.000Z
@EmekliBirikimi,Hyundai i20  birde tüplü oldu mu dadından yenmez triger zincirli masrafsız düşük yürütme maliyetli 1.2 veya 1.4 motor,2025-12-26T20:05:13.000Z
@odelioglu,Clio,2025-12-26T20:27:39.000Z
@fikretkarakaya,O paralara araba var mı ya ,2025-12-27T01:36:12.000Z
@mulusan_,2018-2019 Fiat Egea Easy paket 1.6 Multijet Otomatik Vites. KM yüksek çıkabilir ama 120bin bakımı yapıldıysa al bin. Üzerine sen 240bin KM yapsan bile kafanı ağrıtmaz. Taksiciler 1Milyon KM yapıyor.,2025-12-26T10:48:41.000Z
@DoanDadelen5,"Egea, 301, celysee düşük km orta paket temiz sorunsuz gider.",2025-12-26T07:06:23.000Z
@soksoknecmi,Corolla 1.6/1.33  Fluence 1.5 dci C elyse / 301 1.6 hdi Hyundai accent  Egea olabilir ama km yaşına göre fazla olabilir  Bence en mantıklı seçenekler bunlar,2025-12-26T20:53:54.000Z
@gukokhue,"Fiat Egea, Hyundai i20, Renault Clio veya Suzuki Swift olabilir. Kısa mesafelerde kullanacaksanız dizel olmamalı. Egea kesinlikle Easy paket olmamalı, en az Urban paket olabilir. Easy paketde sadece iki hava yastığı olduğu için güvenli değil. Şimdiden hayırlı olsun",2025-12-26T13:08:33.000Z
@mustafaglr54,Kia rio fancy 2012 -2014 model arası Çok tutulan bir araç değil ama dediğin rakamlara bu arabayı tavsiye ederim on senedir kullanıyoruz yaklaşık az masraf çıkartır seni üzmez fiyatına göre en iyi araç bence donanım açısından da,2025-12-26T20:36:56.000Z
@GurekFatih,1.6 Corolla sedan 132 hp (2007-2012arasi) 1.6 Auris 132 hp (2010-2012 arası) 1.6 focus dizel 110 hp (2011_2013 arası) 1.6 dizel C-Max 115 HP (2010-2013 arası) 1.6 golf6 dizel 105 HP (2010-2013 arası ) Bence hepsi makul tercihler ben birini seçecek olsam kesinlikle 1.6 Corolla olr,2025-12-26T21:35:38.000Z
@TenbaggerIndex,"Skoda Rapid bakabilirsiniz hocam. bagaj ihtiyacınızı karşılayacak, volkswagen grubunda, 12-13 yaşında ve 700bine denk getirebileceğiniz bir araç. 8 sene 2015 modelini sorunsuz kullandım.",2025-12-26T20:29:02.000Z
@turgaytuncer17,"Toyota,Honda ve Hyundainin 700 bin TL ye satılan tüm modelleri! Bu markalarda yaş ve km nin hiçbir önemi yok.yeterki bakımları zamanında yapılmış olsun.",2025-12-26T21:09:26.000Z
@ilkerbirol41,"Hyundai Accent blue 1.4 d cvvt benzinli. 6 ileri Manuel.2013 sonrası olsun.(Kendi arabamdan bahsediyorum) Sadece senelik bakımları yaptırıp biniyorum. Çok memnunum. Tavsiyem ; Çin arabası,üç silindirli motor, elektrikli araba alma...",2025-12-26T21:22:50.000Z
@ugurorman__,"1.5 dci megane hb otomatik 2015. 200K km civarı.(yedekparçanın cb si diyebileceğim bir genel müdür arkadaş eşine bu aracı aldı, ayrıca 2020 sonrası hiçbir araç da sorunsuz değildir diyor, özellikle bir marka var ki 3 yıl dolmadığı İçin sandık motor yetiştiremiyor )",2025-12-26T20:37:08.000Z
@kumas_huseyin,"Kia ceed 2011 kullanıyorum; içi geniş, otomatik vites, en ufak sorun yaşamadım.  Yakıt konusunda da  ekonomik..",2025-12-26T20:34:44.000Z
@kasimelsaddam,Mitsubishi Lancer 2013 1.5 manuel atmosferik motor.,2025-12-26T20:40:56.000Z
@desper27,Ford focus sedan abi 10 senede tek arızası yok,2025-12-26T20:23:05.000Z
@mehmetakblt,manuel dizel accent blue km düşük olmasına dikkat et ömürlük binersin,2025-12-26T20:13:57.000Z
@KrauNet,Egea kanka başka araba bakma. İdare edecen mecbur. 5 yıl kullandım hiç üzmedi. Otomatik alamıyorsan 1.3 dizelini al.,2025-12-26T17:01:11.000Z
@tonys7707,Fluence var bizde hiç sorun çıkarmadı yağını suyuna baktır rahat kafa bin git,2025-12-26T20:28:21.000Z
@umraniyeyisikim,kazalı belalı çakal kasa e46,2025-12-26T20:42:46.000Z
@Cihan930246,Barış kardeşim bahsettiğiniz tutar km olarak düşük derseniz en ideal egea Toyota’da bulursanız bence kaçırmayın manuel arbalar genelde ben sizin yerinizde olsam biraz daha bekler biriktirir 1 mılyon tl ile bakarım ozaman seçenekler çoğalır,2025-12-26T20:23:48.000Z
@akarfurkan2455,Reis kafan rahat olasını istersen Toyota avansis veya coralla grubuna bakmanı öneririm avansis bende var hem içi geniş hem bagaj kısmı.,2025-12-26T20:46:49.000Z
@furkansfrglu,"Sorunun cevabı belli kesinlikle Egea. Alabileceğiniz en modelli en düşük km araç olacaktır. Bende aile aracı olarak kullanmaktayım, öncelikle bakmanız gereken şey yürütme maliyeti. Bakımı ucuz, parçası ve ustası bol yakıtı da gayet iyi. Ben çok memnunum kesinlikle tavsiye ederim",2025-12-26T21:07:55.000Z
@muratkeenhotma1,"Citroen C4 2012-2013 model yarı otomatik dizel,1.6 motor 116 beygir",2025-12-26T21:00:14.000Z
@FzlDgny,Kilometresi düşük ve temiz kullanılmış olmak kaydıyla Seat EXEO yu tek geçerim.Hem fiyatı daha uygun hemde tavsiye edilen çoğu araçtan daha konforlu .,2025-12-26T20:39:26.000Z
@onrbtm,Clio rahat satılır sonrasında hemde model yılı yüksek olur ne kadar yeni o kadar iyi,2025-12-26T21:36:28.000Z
@omerunlu88,Taliantlar var otomatik çokta fazla ilan var kullananlar varsa tecrübelerini yazarsa seviniriz,2025-12-26T20:15:12.000Z
@Emin__JK,Ben 4 yıl önce bütçem az diye taliant almıştım. 50k km oldu sıkıntı yaşamadım. Renault 1.0tce motoru çok sıkıntılı bir motor değil zaten. Şanzıman da en az sıkıntı çıkaran şanzımanlardan muhtemelen. Güç olarak 90bg hiç tatmin etmese de sanayi derdim yok şok şükür.,2025-12-26T21:02:04.000Z
@macak9912,Skoda rapid hatchback olan bence mütiş sorunsuz  kmsi düşük gayet kaliteli bir araba olur,2025-12-26T20:31:20.000Z
@ExpressParti,"M Lancer: 1.5 1.6 Invite: Manuel Sorun çıkarmaz, otomatik CVT oda iyidir. 7 senelik arabamı yeni boyattım tertemiz biniyorum satma fikrim de yok",2025-12-26T20:28:29.000Z
@mstfgrglu,Yollarda en çok hangi marka araç görüyorsanız o arabalar sorunsuzdur.  Fiat Egea kullanıcısı değilim ama bu arabayı kötüleyenler araçtan anlamayan insanlardır.  Konforla fiyat performansı karıştıran insanların önerdiği araçlara bakmayın.  Fiat Renault bu ülkenin demirbaşıdır.,2025-12-26T21:22:48.000Z
@magdurcann,Egea,2025-12-26T21:29:20.000Z
@FTMO_com,Become an FTMO Trader today and gain up to 90% of your simulated profits. Start now!,Unknown
@rahmidalici,Dacia Sandero / Stepway,2025-12-26T06:46:17.000Z
@ErhanVeli1,- 1.5 dci clio - Hyundai Accent blue - İ20-i30 eski - Egea 1.3 dizel veya 1.4 fire - 1.5 dci Sandero - Eski kasa Corolla - 1.33 Auris life kasa.,2025-12-26T21:53:13.000Z
@_Ases__,Bende Otomatik Accent Blue var. Tavziye ederim. Bakım harici sanayi göstermedi,2025-12-26T20:59:33.000Z
@dogutuna,Yüksek model istiyorsan egea 1.3 dizel al gec . Aile içinse Auris/ Corolla al gec.bende Honda Civic hb var,2025-12-26T20:11:33.000Z
@1zaman_daha,"Şansın varsa  hepsi uyar, ben 4 yıl önce ilk sahibinden 1992 modrmel 141.000 km de   fort festiva aldım şu anda 225 bin km de ve haftanın 6 günü günlük 75 km yol yapıyorum , allah nazardan korusun , ufak tefek sorunlar haricinde  hiç sorun çıkarmadı , yağına suyuna düzenli",2025-12-26T21:21:36.000Z
@muratgurlekk,"2015-2018 arası Egea 1.3 m.jet al. 1 milyon km. yaparsın. Hem performans,hem yakıt hem fiyat &performans.",2025-12-26T20:57:51.000Z
@canbeylideniz,"Clio, corolla, focus ya da Volvo s40 şaşma reis",2025-12-26T21:27:33.000Z
@Nazifhfo,Hyundai i20,2025-12-26T19:56:59.000Z
@nnemo167483,"400-500 bine düşük km 2011 Linea 1.3 dizel al üzmez abicim , masrafsız binip az yakayım az vergisi olsun dersen, yoksa 700 bine e60 BMW var masraf edersiniz ama",2025-12-26T21:41:46.000Z
@uzunozmen,İ20,2025-12-26T20:43:16.000Z
@du63079397,Suv araç olarak hyundai ix35 öneririm. Kendimde kullanıyorum. Gayet iyi bir araç. 700-800 aralığında temiz bulursun,2025-12-26T21:10:38.000Z
@srknolgn,Dusuk km temiz bulunabilirse fiat egea 1.3 multijet urban paket. Uzmez cep dostu muhtesem bi konfor yok ama fiyat performans araci 3.5 yildir kullaniyorum cok memnunum.,2025-12-26T20:13:00.000Z
@sahinduyum,Ne alırsan al ama 700 bin bütçeyle otomatik vitese girme. Manüel  2015/2016 i20 tavsiye ederim lakin 1.4 crdi dizel olmak kaydıyla.,2025-12-26T20:59:58.000Z
@atay13008581,Faytons,2025-12-26T23:16:29.000Z
@Kama05603505,"10 yıl Mazda 3 kullandım, 1 kere bile sanayiye düşürmedi, yıllık bakımlarını yaptım bindim. Piyasası yok ama çok kaliteli bir araba, bu paraya temiz Mazda 3 alınır.",2025-12-26T20:29:26.000Z
@ickarartan12,corolla civic focus olması gerekenden çok daha pahalıya satılıyor onlara bakmanı önermem,2025-12-26T20:07:13.000Z
@Orhan13596066,Başa takılma  Volkswagen Golf 6 (2010 -2012) al hem konforun hem sessizliğin hemde alman kalitesi yaşa keyfine bak :),2025-12-26T20:48:16.000Z
@leomorddx,hocam kimse ticarilerden bahsetmemiş ama aile arabası için tam 2017-2020 hem yaşı genç kmsi düşük fiat doblolara bakabilirsiniz parçası ucuz yakmaz 1.6 multijete bakarsanız yürüyeni de güzel önerebilirim,2025-12-26T20:22:46.000Z
@alivaroll,"Megane 3, 1.5  2011-2014 arası",2025-12-26T20:59:24.000Z
@msenturk041,Fluence 1.5 dci geniş ve masrafsız tam bir aile araçı dostum,2025-12-26T21:16:20.000Z
@TurkS68565,0.9 tce (turbolu performansı fena değil  ) cam tavan olanlarından bulursan tadından yenmez yada 1.5dciyı,2025-12-26T21:00:19.000Z
@cnytgnd,fiat egea 1.4 urban benzin lpg 2020+,2025-12-26T20:56:49.000Z
@AhmetBAhmetolu,2006 Avensis düşük km,2025-12-26T20:54:20.000Z
@BIackEaglee1903,Japon al kafan rahat olsun corolla iyidir,2025-12-26T20:58:28.000Z
@investium360,Valla dertsiz tasasız araba istiyorsanız japon arabaları iyi .,2025-12-26T20:55:03.000Z
@FFerhatyardm,Egea 1.6 e-torq  - Aisin marka sorunsuz japon şanzuman - 6 ileri tam otomatik - Lpg'ye tam uyumlu atmosferik sorunsuz motor,2025-12-26T21:40:28.000Z
@mustitrk,"elantra, accent, corolla",2025-12-26T20:06:04.000Z
@faikcanylmzz,1.5 dci clio 4 al arkana bakma,2025-12-26T20:34:07.000Z
@ibnatiyye,"Symbol hocam. 1.5 Dci motorun zaten namı yürüyor, parça - bakım maaliyetleri uygun. Ama her arabanın bir şans payı vardır. Sıfır araba bile bazen şaka yapabilir.",2025-12-26T21:32:13.000Z
@HakanArslankoc,2014 C-max bakın dolu paket. Geniş aile arabası.,2025-12-26T21:55:15.000Z
@yusufaltuntas61,6 yıl 2017 model easy (bos paket) 1.3 egea kullandım  sorunsuzluk abidesi bir motoru var 92 binde aldım 225 binde sattım bu süre zarfında tüm bakımları serviste yaptırdım (servisi sanayiden ucuz bakim yapiyor) tek bur sorun yaşamadım ama arabayida baktım   temiz bulursanız alin,2025-12-26T21:28:34.000Z
@vuslathilal1299,Aynı sıkıntıyı bende yaşadım Ford torneo courıer 1.0 motor eco boost titanyum plus aldım.  En fulu az km yüksek model sürüş keyfi mükemmel tavsiye ederim.  Sadece kamyonet olması dezavantaj,2025-12-26T21:22:40.000Z
@Celik63Vedat,2018 ve üstü egea alınabilir DİZEL olmak şartı ile veya Toyota Corolla 2014 ve üstü alınabilir,2025-12-26T21:53:26.000Z
@13e9mason,2005-2009 arası corolla 1.6 benzin lpg alabilirsin hem yakıt ekonomik hem kaliteli çoğu yeni model araçtan iyi hemde sorunsuz geçen yıl 2006 hb benzin lpg aldım gerçekten çok çok iyi,2025-12-26T21:23:55.000Z
@Onr1925_,Toyota al reyis,2025-12-26T21:46:36.000Z
@miracsa,Opel Astra J Kasa 1.4 Turbo Otomatik(2011-2015 arası) öneririm ama temizi için bütçeyi biraz yükseltmek gerekebilir.,2025-12-26T21:16:08.000Z
@eren4lp_,japon ve koreden tipini en beğendiğin araba ne ise o tüplü seviyosan tüplü al dizel seviyosan dizel ne alıyosan al japon kore al,2025-12-26T21:24:47.000Z
@grkmozctn,Toyota Corolla tüm serileri olabilir 750 civarı 1.33 life bakabilirsin,2025-12-26T21:06:27.000Z
@PalaNisebin,Kangoo III,2025-12-26T21:12:48.000Z
@cll_ztrk_,2008 2009 c 180 bir sürü çiçek gibi tertemiz  araba var o paralara yıldız yıldızdır,2025-12-26T20:55:59.000Z
@orhan19866,"İkinci el al sat yapmak değil de sorunsuz uzun süre kullanım ihtiyacın var ise Mazda araçlara da bakabilirsin, o bütçe ile 2012-2015 arası model bulabilirsin. Mazda’yı kullananlar bilir yurtdışında en sorunsuz araç seçilmiştir, bir araştır derim",2025-12-26T21:08:46.000Z
@SavulMesut,Honda cıvıc 2009 Corolla 2010 model araçlar,2025-12-26T21:01:17.000Z
@All_is_well_40,"Honda Civic 1.6 otomatik. Sonrasında Toyota Corolla olabilir. Modelli olsun, az yaksın derseniz Citroen Elysee 1.6 veya 1.5 dizel manuel vites.  Çok gitsin, az yaksın derseniz C Elysee, otomatik olsun, yaşı önemli değil derseniz Civic tercihim olurdu.",2025-12-26T20:21:50.000Z
@huseyindelen2,"Renoult Tailant al Reis, araç özellikli değil ama seni yolda da bırakmaz. Üzerine sedan ve otomatik",2025-12-26T21:09:45.000Z
@ritmixdrum,Toyota,2025-12-26T21:51:05.000Z
@Kargiyoresel,Mazda 3  2004/2008,2025-12-26T21:22:26.000Z
@esbaygin,Fiyat Egea mümkünse 1.3 dizel,2025-12-26T21:02:00.000Z
@ONURKucuko69732,"Opel astra j kasa  1.3  dizel , 1.6 dizel  güzeldir konfor desen var saglamlık var kalite var  temizse yıllık bakım hariç sanayiye ugramazsın",2025-12-26T20:45:15.000Z
@TalhaAtar,Konfora takılmazsanız dacia veya renault herhangi bir 1.5 dci motor alın eşek gibi kullanın,2025-12-26T20:44:14.000Z
@FuatKetenci,KiA rio 1.4 CRDI consept 2017  720bin TL kazasız hasarsız boyasız bulabilirsen Al bana nasip oldu bugün aldım sarı sayfalar da 3 gün önce ilana koymuştu arkadaş gittim baktım yazdığı gibi KM orjinal Dolu donanım olarak tavsiye ederim,2025-12-26T21:14:48.000Z
@utkuhan09,Aslında kişi kendine göre yorum yapar araç da öyledir ne aradığını bilmen lazım parçası tamiri uygun araç istersen fiat ama Tamirci görmek istemiyorum dersen Toyota ama bana sorarsan Toyota derim yağını suyunu ihmal etme sanayiye sokmaz..,2025-12-26T21:36:05.000Z
@alicangzm1,Megane 3 1.5dci,2025-12-26T21:21:33.000Z
@orhanymnnn,2018-2019 Citroen celysee 1.6 dizel. Asla pişman olmazsın,2025-12-26T20:55:13.000Z
@Fikrikik,C4 ehdi,2025-12-26T20:45:11.000Z
@mhmtdbk,1.6 auris,2025-12-26T21:43:25.000Z
@rvardar16,Albea,2025-12-26T21:49:10.000Z
@Ebubekir_al88,Peugeot 301 / Citroen elize,2025-12-26T20:34:23.000Z
@M_Akbulutt,"Focus olur, Güzel olur, muadillerine göre çok daha uygundur",2025-12-26T21:42:11.000Z
@GokgozTask,Fiat Freemont 2013 modelleri 700-800 bin arasında 7 kişilik şahane bir SUV araç bunu bir düşün derim 2.0 170 beygir,2025-12-26T21:17:41.000Z
@YunusEm30267668,Honda fd6 2010 mantıklı sıfır sorun yakıtını koy git,2025-12-26T21:11:34.000Z
@KalucEngin,Daha düşük bütçe ve sağlam araba düşük model ve km az Renault modus,2025-12-26T21:53:03.000Z
@ozeralirza61,Ford b max,2025-12-26T21:30:04.000Z
@emrahakbas28,Toyota corolla,2025-12-26T20:46:38.000Z
@arslnts254,Toyota corolla 1.33  al kafan rahat etsin,2025-12-26T21:01:22.000Z
@hrnofis,Aile aracı uzun yolda da konfor diyorsan Ford CMax. Titanyum paketi yapıştır keyfine bak,2025-12-26T21:19:34.000Z
@serhatshenel,Passat sw,2025-12-26T20:13:55.000Z
@Kurtoglu3313,2013 modrl skoda octavia aldim 800.000 tl ye çok memnunum,2025-12-26T21:29:34.000Z
@MsBakar,Ne istediğine bağlı sorunsuz+piyasası olan istersen egea 1.3 astra 1.3 corolla 1.6  Sorunsuz+konfor olsun ama piyasası yavaş olsa da olur dersen latitude 1.5 dci citroen c5 1.6 ehdi . (Yazdıklarımın hemen hemen hepsinin yakıt tüketimi oldukça azdır),2025-12-26T21:43:51.000Z
@OnurBarni,Hocam 2020 başında sıfır egea almıştım 1.4 sakin araç kullanan biri olarak gayet yeterli. Sonra 2021 yılında onu sattım 2 katı parasına 2019 corolla hibrit en dolusunu aldım. 3 sene de onu kullandım. Şu an sizin bütçe bende olsa gider mümkünse easy olmasın egea alırdım çok net...,2025-12-26T21:05:36.000Z
@erdemdurukann,Mazda alın .,2025-12-26T20:50:04.000Z
@mtezcanala,Hiç düşünmeyin  Toyota diyenlere sizde katılın kafanız rahat etsin Japon kimi üzmüş,2025-12-26T20:36:11.000Z
@redloversss,Sanayide bir kaç gün gez dolaş çaylarını iç az çok kafanda oturur.,2025-12-26T20:59:44.000Z
@irfansarli,LİNEA 1.5,2025-12-26T21:41:49.000Z
@pirobisx,Auris 16 cvt atmosferik,2025-12-26T21:41:34.000Z
@Onur59151476,Corolla candır ,2025-12-26T21:32:43.000Z
@ARC__1987,2022 1.4 egea al bozulmaz kafan rahat,2025-12-26T20:32:41.000Z
@zeynkadir34,Abi selam güzel bir forum açmışsın. Ben de aynı bütçe ile arabadan anlamayan olarak arıyorum. Ekseri öneri nedir?,2025-12-26T20:06:02.000Z
@Mert86771808,Manuel düşünülürde Corolla bence güzel arabadır hocam bu fiyata manuel araba biraz modeli eski km si olan ama temiz araç bulma ihtimaliniz var bence. Otamatik araçlarda bu yok ne yazikki ama manuel sağlam bulunabiliyor hala .  hanenize hayırlısı neyse o gelsin ,2025-12-26T20:50:01.000Z
@mtugcem06,Fluence alabilirsiniz otomatık 1.5 dci 110 hp.. Performans olarakta güzel yakıt olarakta iyidir.  Piyasa arabası satarken de sorun yasamazsınız.,2025-12-26T20:41:42.000Z
@Emin_Alp_Arslan,Clio 1.5 dci Ustası çok parçası ucuz işçilik ucuz piyasası var,2025-12-26T20:50:06.000Z
@42BeratDeniz,1.6 Opel Astra,2025-12-26T21:26:25.000Z
@sclcvz,2.el temiz chevrolet trax kullanıyorum çok memnunum,2025-12-26T20:13:31.000Z
@daradiyarit,1.5 clio ıcon hayrlı olsun kardeşim,2025-12-26T21:37:40.000Z
@bulletwallet,2016 model Seat Toledo binici işi içi yayla gibi bagajı tartışmasız çoluk çombalak akar gider sanayi bilmez bakımdan bakıma takılırsın,2025-12-26T20:48:30.000Z
@Mustafa33164540,Corolla gerekaiz pahalı,2025-12-26T21:42:14.000Z
@shaddowfb,12-13-14 toyota corolla dertsiz tasasız,2025-12-26T20:18:39.000Z
@ugrshn06,Ben de bakıyorum. 600 bin bütçeyle başladım 2 ay önce. Şimdi 1 milyondan aşağı binilecek araç olmadığına ikna oldum.,2025-12-26T20:37:16.000Z
@b_barrik,Mazda 3,2025-12-26T20:32:15.000Z
@MaviTrabzon61,"Honda jazz, az yakar, kronik sorunu yok, dıştan küçük içi ferah, tek sorunu eşine kolay kaptırmak :)",2025-12-26T21:50:25.000Z
@selonizm,mitsubishi colt,2025-12-26T22:36:16.000Z
@vatanseverplus,Doğan sele çarpi,2025-12-26T20:36:31.000Z
@hsynars34,Corolla/301/ egea 1.3 multijet dertsiz araçlar bu bütçelere uygun çok temizleri bulunabilir.,2025-12-26T21:05:32.000Z
@ridvandnmzz,1.5dci Renault,2025-12-26T21:41:39.000Z
@MuratKA57907572,Ford C Max al konfor bagaj iç hacim 1.6 dizel sorunsuz motor. Bakımı yaptır arkana bakma.,2025-12-26T20:29:39.000Z
@FethiBeyazay,Megane 3 gt line sw 1.5 dci,2025-12-26T20:46:47.000Z
@Adamin_dibi06,"Sanayi de çevrem olsun, gider gelir çay içerim, hepsiyle arkadaş olurum demiyorsan, Honda yada Toyota al geç ..",2025-12-26T21:07:26.000Z
@codmuhendisi1,Honda fd6 kasa,2025-12-26T21:19:01.000Z
@blondielemon8,at hem belki kazanir bi arac almayi saglar,2025-12-26T21:24:47.000Z
@BarisaydinC,Polo,2025-12-27T21:44:59.000Z
@YaKeSe,"O paraya temiz Corolla ve Egea zor ama tertemiz Linea, 301 bulunur",2025-12-26T18:35:29.000Z
@KaanGezgin7693,"Toyota al, sanayicilerin sevmediği markadır ekmek çıkmaz kendilerine.",2025-12-26T21:13:56.000Z
@metinaxu,"Fiat Egea alma da, ne alırsan al. :))",2025-12-26T23:09:26.000Z
@mustafa97250804,linea egea clio,2025-12-26T20:54:49.000Z
·,Fiat egea,2025-12-26T20:35:54.000Z
@Nietzsche_7,Citroen c 4 çanakkalede fulledik gemliğe geldik 10 gündür depo bitmedi..,2025-12-26T21:38:26.000Z
@dnnbdk,Kimse buraya c elysee yazmamış galiba. Km düşük c elysee al üzmez,2025-12-26T21:00:59.000Z
@ManlySwanson,2012-2014 arası J kasa astra,2025-12-26T21:59:47.000Z
@Selbes13,Fluence,2025-12-26T20:57:00.000Z
@zenpirlanta,"Jennifer Lopez, Zen Pırlanta’nın tüm dünyadaki yeni marka elçisi oldu!",Unknown
@Ghost94HD,"Toyota Auris  , Fiat Egea  , Renault Scenic , Üzmez",2025-12-26T21:34:34.000Z
@MehmetY393939,"2012 modellerde jetta falan olur çokta yeni araba alınmaz o paralara küçük bişey alma kibrit kutusu kadar araba otobanda uçar gider altından, jetta uygundur bence büyüklüğü falan ideal",2025-12-26T20:22:19.000Z
@isikenes1,Çok aile arabasi istersen corollaya göre daha genç modelini bulabilecegin toyota verso 1.6 olur elegant paketini alırsanız doluluk açısından da üzmez,2025-12-26T21:12:20.000Z
@DAIMAEVREN,Yani linç yiyeceğim ama aile arabası dendiğinde Renault.,2025-12-26T21:05:30.000Z
@sametmoralii,Honda civic,2025-12-26T20:33:54.000Z
@konforalani,Aile arabasi diyemeyiz belki ama i20.,2025-12-26T20:22:33.000Z
@armialpi61,fluance,2025-12-26T20:56:53.000Z
@PorosFatum,Jazz,2025-12-26T20:07:15.000Z
@HKayabas,Toyota corolla,2025-12-26T20:51:45.000Z
@EmreRna,1.6 tdci mondeo bak o fiyatlara var mı bilmiyorum alabiliyorsan al titanyum alıxaksın led far opsiyonlu olsun sonra gel bana dua et,2025-12-26T21:42:35.000Z
@zopzekil,2010 CX7 2.2 Dizel,2025-12-26T21:08:42.000Z
@ceyhan_mustafa,Üç silindir almada toyota hyundai bulursan al opele yanaşma,2025-12-26T21:30:45.000Z
@smiljan1856,Skoda Octavia ama bütçenize göre biraz yüksek km ve büyük yaş olacaktır .,2025-12-26T20:53:15.000Z
@KendinGor,Benzinli courier,2025-12-26T21:33:01.000Z
@sergennfidan,850 bin TL’ye jetta var isteyene,2025-12-26T21:03:32.000Z
@aliate29554363,2008  civarı  120 000 km  altı temiz  kullanılmış honda  civic  bulursanız   hiç  düşünmeden  alabilirsiniz.,2025-12-26T21:49:25.000Z
@_kultigin_,"O paraya egea, C-elyse, 301 yeni model bulunur. Dizel almaya bak. Yıl 2025 küçük atmosferik motor gerçekten yoruyor. Duster bulabilirsin 1.5dci sorun çıkarmaz. Biraz yaşlı ama Qashgai olabilir. Duster ve 301in konforunun kötü olduğunu biliyorum. Binmedim ama fokuslarda var.",2025-12-26T20:47:12.000Z
@kocgmath,taliant,2025-12-26T21:18:10.000Z
@Erdinirin3,Clio 1.5 dci,2025-12-26T20:47:27.000Z
@emrwcoskun,Şeytan dıbeji 700milyar kredi lexa avrupa,2025-12-26T20:48:41.000Z
@miracinancc,Egea,2025-12-26T20:56:04.000Z
@Serdar091219,Bende 88 tanus var 60 bine aldim 30 masraf ettim canavar gibi araba şehir içinde hiç sorun cikarmadi,2025-12-26T20:26:31.000Z
@cakmanayk,Totoya corolla al geç,2025-12-26T20:54:30.000Z
@bediiirr,Renault megan,2025-12-26T20:57:33.000Z
@niyazi_pacal,Clio 5 dizel  1.5. 90 beygir  bakımdan bakıma masrafsız,2025-12-26T20:56:45.000Z
@Muratkazan,"Clio 1,5 dizel",2025-12-26T21:51:30.000Z
@tyln___,Hyundai i20 / 2016 model,2025-12-26T20:39:38.000Z
@alija_helly,corolla e140-150,2025-12-26T20:46:54.000Z
@Zakir0834,2012 model Renault scenic privilage 1.5 dizel 110 beygir konfor çevik atak geniş bagaj cam tavan sunroof off off off tadından yenmiyor,2025-12-26T21:26:28.000Z
@Bjknando9,Accent blue,2025-12-26T20:47:15.000Z
@bilgehan_kantar,Egea ile corolla aynı cümlede geçemez. Egea corollanın yanında motosiklettir.,2025-12-26T21:04:40.000Z
@Tlgrn35,Honda jaZz,2025-12-26T21:26:59.000Z
@Saglam_Trade07,Honda kaza,2025-12-26T21:09:39.000Z
@niburuenki,Honda jazzz,2025-12-26T21:16:29.000Z
@Smashpage,Hyundai Accent Blue 1.6 olur 1.4 olur 2015 ve üstü 136 beygir. Güzel arabadır. Dertsiz tasasız ben 5 yıl kullandım. Tavsiye ederim.,2025-12-27T11:34:58.000Z
@MBayram52,Araba yarışı yapmayacaksanız 1.4 egea.  Bak taksiciler hep onu kullanıyor. Gideri az. Tamiri kolay.,2025-12-26T20:18:18.000Z
@MahiDevran2000,Linea,2025-12-26T20:08:46.000Z
@OrkunBurakAyte1,Şirket aracım 1.4 egea sedan. Yani öyle performans beklemezsen komforlu sayılabilecek fiyat performans aracı denilebilir.,2025-12-26T20:34:53.000Z
@hakkiddogan,2 inci elde genel kaide minimum arıza istatistiği olmali bence. Yoksa her arabanin bir şekilde kazalisi ve temizi mevcut.,2025-12-26T20:57:56.000Z
@bultenci,O fiyata varsa eğer Subaru’nun nesini bulursanız alın.,2025-12-26T20:37:52.000Z
@driesnando,"PSA grubundan 1.6 HDI bir araç önerebilirim, motoru bakımlı olmak şartıyla.",2025-12-26T20:37:40.000Z
@BBerkay_Akkaya,Chevrolet Cruze,2025-12-26T20:08:36.000Z
@SemihCe89754078,"Honda ömürlük , volkswagen",2025-12-26T21:24:52.000Z
@ilhan_bilgin,İ20 otomatik LPG'li,2025-12-26T20:31:40.000Z
@AhmetGr88045850,Honda fd6 veya temiz flunce otomatik al hocam temiz olursa Honda bakımını yap sanayi düşmani,2025-12-26T20:21:40.000Z
@karakuncula,Honda jazz düşürebilirsen gözün kapalı al. Bagajı da sedan kadar var.,2025-12-26T20:17:28.000Z
@omer1657,Al Egea 1.6 Dizel otomatik otur aşşa Parana göre de paketine  ve hasarına bakarsın,2025-12-26T21:05:09.000Z
@GSstalwartX,Polo abi 3 yıl önce aldım 3 kere gittim senelik rutin kontrollerine harici maşallahı var,2025-12-26T20:38:19.000Z
@myilmaz0,Focus bakabilirsin honda civic olabilir doblo fiorino km düşük olursa iyidr.. daha çok araba var,2025-12-26T21:01:40.000Z
@abidinildiz,"Bende 2014 model otomatik Reno Flunce var, 600 bine verebilirim.",2025-12-27T09:46:34.000Z
@tuysal42,"Mıtsubıshı ASX  yakıt mıhteşem, masrafsız ve konforlu",2025-12-26T21:25:21.000Z
@AlparslanAkyuz,Hyundai i20 1.4 benzinli.,2025-12-26T21:17:22.000Z
@oturyerine0,"istediğiniz aracı netleştirmek daha önemli B kasa mi C kasa mı, hatcback mi Sedan mı, benzinli mi dizel mi, otomatik mi manuel mi? bunlar netlesince bütçenize göre araç bakmak daha mantıklı olacaktır.",2025-12-26T21:53:15.000Z
@snysgcn,kisitli butce nedeniyle yuksek modelde cok secenek olmuyor. Masrafi minimum duzeyde ne olabilir işin içinden çıkamadım. birde malum ortalık seref yoksunu çakal kaynadigindan kurumsal bir yerden bakmanizi tavsiye ederim sadece,2025-12-26T20:35:35.000Z
@Berekortens,"Polo 1,4 Chrome Edition",2025-12-26T21:20:03.000Z
@Savrun80,Egea al dostum. 3 ay önce finansal açıdan rahatlamak için 2025 c4 ü satıp tereddütle almıştım. Şimdi iyi ki almışım diyorum. Eğer araç senin için sadece bir yerden başka bir yere götüren aletse 1.4 motoruyla masrafsızlığıyla ucuzluğuyla gayet makul bir araba.,2025-12-26T21:11:55.000Z
@m_yigitsoylu,"Corolla tavsiye ederim. Sorunsuz binersiniz, parçası ucuzdur, yağını suyunu değiştirseniz yeter.Otomatik düşünüyorsanız yarı otomatik olmazsa daha iyi olur",2025-12-26T20:56:15.000Z
@90lardanAlican,12 sene Fiesta kullandım kaputunu açmadım hocam 0 dan 240 bine,2025-12-26T21:21:23.000Z
@samsunlurommel,Corolla,2025-12-26T21:45:07.000Z
@FIRAT_AKIN_AKIN,Kendim kullandım gerçekten toyota corolla çok iyi araba,2025-12-26T21:37:45.000Z
@fik054,1.2 i20 ve ya 0.9 tce clio temizini bulursun.,2025-12-26T20:07:06.000Z
@iekarabiyik,2015 Toyota corolla,2025-12-26T20:51:35.000Z
@godOfSouthPark,Herhangi x lira bütçeye uygun dertsiz araba her zaman temiz kullanılmış bir Toyota'dır,2025-12-26T20:53:39.000Z
@ateserdem1,Otomatik mi manuel mi,2025-12-26T21:21:39.000Z
@alptug1941,2011 Accord al bin,2025-12-26T20:41:37.000Z
@SelcukYali,2015 model Honda Civic bulursan gönül rahatlıgı ile yıllarca binersin.1.6 V CTI Lpg uyumlu olması yakıt yönünden fayda saglar. Tavsiye ederim.,2025-12-26T20:53:43.000Z
@BRNASLN,"Corolla Için söylenecek söz yok! Ama aile işin içine girdiği için en önemli özelliği güvenlik olmalı! Ve iç hacmi. Ben yaklaşık 10 yıldır 2005 vw touran kullanıyorum, müthiş bir araç. Bir ara kiralık 2025 egea kullandım, teneke gibi geldi! Düşük KM 2008-2009 tsi  işinizi görür.",2025-12-26T21:39:54.000Z
@bobvaldez0640,Renault Megane,2025-12-26T20:33:13.000Z
@MHKayhan,Hyundai i20,2025-12-26T20:50:02.000Z
@bahara__selam29,Hacı reno Kango al araba dertsiz olur sen kanser  ,2025-12-26T21:50:41.000Z
@FkrtFzt,Hyundai accent blue otomatik,2025-12-26T21:05:38.000Z
@zayonel,Chewrolet cruze .,2025-12-26T20:25:25.000Z
@demirgirayy,2020 egea alabilirsiniz en azından modeli düşük olur arıza vermez,2025-12-26T20:11:43.000Z
@goksal_gurkan,Küçük gelmeyecekse hundai i20 13/14/15 modelleri düşük kilometre  1.4 benzin mazot olur,2025-12-26T21:28:26.000Z
@yasiner69771476,Hocam ford focus (sedan) 2012 model al keyfine bak,2025-12-26T21:50:59.000Z
@dgn_42,Honda,2025-12-26T20:34:15.000Z
@grinkoemir,Clio,2025-12-26T20:57:29.000Z
@AvAtalayArslan,O fiyata alınabilecek modelde toyota corolla,2025-12-26T20:49:20.000Z
@feritubuz,Cıvıc FD6,2025-12-26T21:29:05.000Z
@seher_bicil,Volvo S40,2025-12-26T21:46:37.000Z
@gorkem575757,1.6 egea al dort yıl.kullandim.bakimlarini duzgun yaptır gerisi teferruat,2025-12-26T20:20:26.000Z
@beertard,"Honda jazz, accent era, swift, admire kasa, i20, yaris",2025-12-26T20:29:47.000Z
@yildirim_67,"Eğer cok fazla özellik otomatik istemiyorsan ekonomik olsun işimizi görsün diyorsan egea, citoren c-elysee, renault symbol, dacia sandero, stepway en ideal bu araçlardır tercih sizin",2025-12-26T20:50:48.000Z
@lordwall55,1.6 sol paket corolla  Yazdığın yazının karşılığı bu.,2025-12-26T21:13:33.000Z
@receptosun17,Auris ,2025-12-26T21:01:40.000Z
@EmreOzcetn,Bende bakıyorum.  Uzun kasa clio mantıklı geliyor.  Sence?,2025-12-26T20:37:45.000Z
@trk6777,Fiat 500l 1.6multijet.,2025-12-26T20:41:18.000Z
@zendwendmend,Toyota Corolla,2025-12-26T20:43:44.000Z
@mserkanakar,corolla,2025-12-26T20:23:24.000Z
@alsancak_1907,Clio al 4 silindir dizel olan,2025-12-26T20:51:46.000Z
@istblks,Corolla al soyle temizinden tutulmayan renk olsun ucuz olur. Hiç seni üzmez bakımdan baska derdi olamz.,2025-12-26T21:04:32.000Z
@karadoganm,skoda rapıd 1.4dizel green tec,2025-12-26T21:00:05.000Z
@UfukKadak,Honda al konuyu kapat,2025-12-26T20:58:05.000Z
@ibrahimtarihci,Toyota al geç,2025-12-26T20:09:36.000Z
@kaganalp37,Astra j 2012 sport yakıt koy devam et,2025-12-26T20:28:38.000Z
@gulmezlerdenR,Egea,2025-12-26T20:45:49.000Z
@wesley060721,Corolla,2025-12-26T21:08:22.000Z
@X04av,Clio,2025-12-26T20:44:07.000Z
@yolcukaptan09,Reno symbol al bence hocam,2025-12-26T20:54:28.000Z
@alppass,Toyota corolla 1.4,2025-12-26T21:03:22.000Z
@ATMACA191994,DOBLOOOOOOOOOOO,2025-12-26T19:53:44.000Z
@Aghahowa77,Hyundai i20 çek geç,2025-12-26T21:00:40.000Z
@Brave1447726,"Alman, Fransız ve Amerikan arabalarının arızası çok bakımı pahalı olur yaş geçtikçe.   Japon ve kore arabaları sorunsuzluğa daha yakın. Sadece nissan problemlidir.",2025-12-26T20:33:26.000Z
@fenerlihogh,Hyundai accent blue. Az yer servis ağı geniş.,2025-12-26T20:07:13.000Z
@bnymnkrn,Honda vtc altına bile alabilirsin,2025-12-26T20:15:29.000Z
@bhyt_1967,Accent blue,2025-12-26T20:58:18.000Z
@Yakup47960008,Clio 4,2025-12-26T21:17:28.000Z
@Kahramanolu6,Corolla,2025-12-26T21:30:47.000Z
@NaFRiQuiE,2009-12 arası bir corollla olur.,2025-12-26T20:06:19.000Z
@katran_ve_tuy,duster,2025-12-26T20:53:18.000Z
@_ardaaozdemr,Civic veya jetta,2025-12-26T21:35:22.000Z
@astarojna54,"Üstad bende aynı fiyatlarda bakıyorum ama dizel otomatik bakıyorum Accent blue ve egea var , Fluence var o civarlarda egeada 1.6 multijetlere bakabilirsin daha önce kullanmıştım iyi kaçıyor yakıtı az oturaklı araba Accent de güçlüdür yakıtı idealdir ama işte az hasarlı bulmk zor",2025-12-26T21:12:11.000Z
@MehmetBaydak4,Fuluance,2025-12-26T21:32:01.000Z
@savasbastan,1.6 Wolswagen jetta 2009 ve  üzeri modelleri gayet mantıklı olur,2025-12-26T22:15:03.000Z
@sol_degen_adayi,Yapıştır 301 bu paraya en baba araba çok net,2025-12-27T12:59:58.000Z
@sametmstc,Beyler astra j düşünüyorum kullanan veya bilgisi olan bahsedebilirmi araç bilgim çok az,2025-12-26T22:03:05.000Z
@muratkaraabulut,Honda City 2009/10/11 yeni kasa düşük km al keyfine bak,2025-12-26T23:16:34.000Z
@ErBEYEN11,2011/2014 arası Hyundai Elantra  bu kasa 6 yıldır kullandığım hiç üzmedi bazen model yükseltmek istesem de hiç kıyamadım satmaya ,2025-12-27T07:56:54.000Z
@demirkayaburak1,Golf verelim 1.6 otomatik 2011 siyah değişensiz tramersiz,2025-12-27T01:35:27.000Z
@suhaturan,Citroen C4 grand Picasso,2025-12-26T22:19:39.000Z
@1007Selcuk,"https:// shbd.io/s/WYTSbaAi  Arıza yok, boya yok, hasar kaydı yok, değişen yok. Bütçene uygun tertemiz araç. Koy yakıtını, seneden seneye rutin bakımının dışında sanayiye gitmezsin.",2025-12-26T21:16:53.000Z
@Nmozlep,Corolla 2007-2012 kasa. E140 diye geçiyor bildiğim kadarıyla. Manuel 1.6 olanını almanı tavsiye ederim sorunsuz bir araba,2025-12-26T21:55:19.000Z
@TecelliGokkaya,Bence Ford focus 2013 falan  Yada Toyota 2010,2025-12-27T01:37:40.000Z
@DstPower,Bmx,2025-12-26T20:54:27.000Z
@keven_fb,Ford focus,2025-12-27T04:02:47.000Z
@serdarsevindik1,Volta V1,2025-12-26T21:14:51.000Z
@anilbayburt,"Uzun vadede sorunsuz çalıştığını ispatlamış motorlar önemli. Renault un 1.5 dci, vw grubunun 1.6 tdi ve fiat grubunun 1.6 multijetleri bu konuda kendini ispatlamış. Örneklerin üçü de dizel çünkü  daha az sorun ve daha uzun ömürlü.",2025-12-26T22:22:24.000Z
@zeynkadir34,Bu soruyu bekar olarak değiştiriyorum öneriler nedir?,2025-12-26T20:08:07.000Z
@bjkorcun,Corolla,2025-12-27T03:53:50.000Z
@rorschac,"1.5dci 85hp Fluence kullanıyorum 100k yol yaptım. Clio parasına daha üst segment bir arabaya biniyorsun. İçi, bagajı inanılmaz geniş, az yakıyor, parçası ucuz, ustası bol, motoru için zaten km canavarı diyorlar. 1milyon km yapıp anahtar değmeyenleri var. 600-700k ya rahat alınır.",2025-12-26T22:07:56.000Z
@AliUlupinar,"700 bine alınacak en iyi arabadır, 11. Seneye döndük kendisi ile. 10 sene sadece periyodik bakım dışında sadece kronik motor kulağı sorunu nedeniyle 1 kez serviste değişti. Lpg uyumu da harika ama ben lpgsiz kullanıyorum",2025-12-26T23:04:35.000Z
@gokhan_temr,Ford kuga abi ucuz  ve kaliteli sağlam tam aile aracı arka koltuklar çok geniş şiddetle tavsiye ederim,2025-12-26T22:37:15.000Z
@R2rule1,Toyota Yaris.. Ufak gözükse de içi ferahtır.  Honda Jazz Toyota Corolla. Honda Civic.  Mazda 3   Egea’nın yüzüne bile bakılmaz.,2025-12-26T22:22:39.000Z
@kdrkrbyk,Toyota Yaris,2025-12-27T07:58:17.000Z
@fahrikaygu,https:// shbd.io/s/bbvvZnIU,2025-12-26T21:08:19.000Z
@aleowa_1903,Japon olsun kafanız rahat olsun. Allah kazasız belasız yol versin.,2025-12-26T22:06:21.000Z
@edebya,@grok  bu posta gelen cevapları markalara göre çubuk grafik haline getir.,2025-12-26T22:19:57.000Z
@Erdemyaz10,Egea 1.6 otmatik,2025-12-26T22:43:51.000Z
@FenerEmiri,"Büyük ihtimalle 10 yaş altı olacak , o yüzden ikinci elde en sorunsuz araba Toyota istatistiksel olarak. Corolla al geç",2025-12-26T22:51:28.000Z
@__siluet,"2007/08/09 temiz ford focus bulursanız alınız. konforlu, emniyetli, sağlam araçtır.",2025-12-26T23:07:49.000Z
@talha___g,Benzinli ve japon/kore almalısın. Konfor çok olmayacak ama sorunsuz olacaktır. Çok tutulduğu ve piyasası olduğu içinde karşına en şık çıkan eski bir corolla ya çok para vermek zorunda kalırsın. Ama en az 2-3 sene binerim hemen satılması önemli değil dersen başka seçenekler var,2025-12-27T18:30:16.000Z
@YapayVeZekasiz,Toyota…,2025-12-27T01:17:54.000Z
@Thunderbyte_,700bin e sorunsuz araba zor.. ekpertiz yaptırmadan alırsan elinde patlar.. sorunsuz arıyom diye tutturursan da bütçen 600 e düşene kadar expertize harcarsın.. en iyisi az daha biriktirin ,2025-12-26T23:35:20.000Z
@chtbkrr,clio 1.5 ,2025-12-26T23:03:00.000Z
@Killi__Toprak,"Skoda yeti ,1.2 olmasın,Honda Crv 2006 -2008, Volvo xc70 2005 (İstanbuldaysanız sıkışık trafikte otomatik vitesden şikayetler var.) Her sene vizeye sokarım diyorsanız Mazda bt 50 pikap",2025-12-26T22:19:27.000Z
@2adamhakli,Subaru Legacy 2005 2006 Station,2025-12-27T00:36:48.000Z
@BlentAR14701806,Sedan Mitsubishi Lancer öneririm senede bir yağını değiştirmek için servisine gidersiniz,2025-12-26T22:24:19.000Z
@BlentAR14701806,Honda jazz,2025-12-26T22:22:25.000Z
@KentastisKen,Linea,2025-12-26T23:14:44.000Z
@cnkbasaran,Hiç düşünme git tank gibi eskilerden bir Toyota kap,2025-12-26T22:08:56.000Z
@Ahmetyldz620715,Htundai acente blue 1.6 dizel otomatik 2014 olur,2025-12-27T00:11:09.000Z
@yusufpoyraz5781,Toyota auris 2013…2017 arası bakın gayet güzel sorunsuz keyifli,2025-12-26T22:32:56.000Z
@fthgzdmls,@grok  yorumlarda en çok tavsiye edilen araçları sırala,2025-12-26T20:13:43.000Z
@erdikadirogluu,2011 corolla al gec,2025-12-26T23:33:28.000Z
@aliriza_krdmr,Peugeot 407 hem konforlu özellikler var hem 1.6 dizel çok yakmaz daha dertsiz istiyorsanız Toyota Corolla kesinlikle öneririm,2025-12-26T22:10:25.000Z
@turkspac,"temiz, km dusuk sevdiginiz birsey olsun.. az yakmasi, sigortasi ve yillik vergisileri az olmasi da guzel olur.. araba durduk yerde masraf cikaran bir urun..",2025-12-26T23:01:15.000Z
@bistube,"Honda Civic FDE6 kasa, yakıtı koy bin.",2025-12-27T11:18:46.000Z
@SosyoTeknoloji,"@grok  bu paraya Türkiye'de alınabilecek en iyi araçları inceleyiver şu kardeşimiz için, hadi koçum..",2025-12-26T22:59:39.000Z
@Massai__Mara,Skoda yeti 1.6 TDI,2025-12-26T23:10:01.000Z
@nebi1903mete,Fiat Bravo al konfor sağlar  c segment bagaj hb araca göre büyük,2025-12-27T14:56:56.000Z
@DagEfendisi,Reno clio 2005 model 1.5 dizel al üstüne sana 300 bin lira kalır onunla da altın al.,2025-12-26T23:22:46.000Z
@seyhituyur,El arabası,2025-12-26T20:58:22.000Z
@trk6777,"Al, bana dua et",2025-12-26T20:41:30.000Z
@spartafener1907,"Barış hocam öneri çok yapılmış ben yapmıyorum ama niyetlendiğiniz arabayı danışabilirsiniz, bu bütçelerdeki arabaların çoğuna hakimim",2025-12-26T23:56:40.000Z
@igurbuz026,Hyundai i30 cw dizel otomatik.,2025-12-26T22:12:17.000Z
@vatandas314,Opel Astra j kasa 2013 -2017 arası 1.3 CDTI,2025-12-27T00:15:05.000Z
@cengizBJK1903,Fiat Doblo 2017 model km düşük,2025-12-26T21:56:42.000Z
@Ap0ist,1.5 dci 2015 ve üstü,2025-12-26T23:59:24.000Z
@btcmilyoner,skoda fabia 2012-13 model olabilir,2025-12-26T22:33:57.000Z
@Baymaddoctor,Renault Clio 1.5 DCİ SPORT TOURER. Hem bagajı geniş hem bir arıza durumunda parça temini kolay. Motor reno motoru sorunsuz motor. Çok kaçar az yakar. Duruşu da güzel araba. Piyasa da 700-900 arası bantta gayet güzel temizleri var. Kendimde Clio 4 kullanıyorum gayet iyi.,2025-12-26T20:23:25.000Z
@Ahmet290317,367 bin küsür de 2002 corollam var Çanakkale Van arası klima açık ve bavullarla 4800 tl tüp ile gidiyorum sanayiye yağ ve klima gazından başka gittiğim yok,2025-12-26T20:42:46.000Z
@Heyamola7,1.6 motor corolla 2005 ila 2007 arası sol donanım en ideal araba o paraya,2025-12-26T21:04:06.000Z
@InatciSahi96144,Bence Türkiye şartlarında en iyi arç Fiat ega 1.3/1.4/1.6 bütün paketler onnumara hem ekonomik hem konfor iyi,2025-12-26T21:51:39.000Z
@ank06erymn,Gardaş fiyatları ne bilmiyorum ama alabilir sen otomatik vites bir Accent Era al. Bok atan çok olur araca bok atanlar araç kullanmayı bilmeyenler. Mercedesi kullandığın gibi Era kullanırsan takla atarsın vs.. aracını tanır ona göre kullanırsan sorun olmaz Allah'ın izniyle,2025-12-26T20:18:56.000Z
@BayZapata,Pek kimsenin bilmediği veya tercih etmediği bir aractan bahsedecegim. Hem yaşı genç hemde km düşük sıfır ayarında bir araç. Aynı aracı bende kullanıyorum çok memnunum. 2023 model Ford Tourneo Courier 1.0 Ecoboost Titanyum paket. Turbo destekli 100 HP motor gayet başarılı ,2025-12-26T20:21:55.000Z
@mroguzhanozturk,"700K araç alıyorsanız, sadede expertiz değil ayrıca o aracın servisine de götürmeniz gerekiyor, iyi bir aracı kimse size 700K vermez kur ve altın fiyatlarına göre söylüyorum",2025-12-26T21:16:57.000Z
@emrah450735,Renault clio al seni üzmez hemende satarsın al satı kolay olan arabalardan  Kamyonet binerim konfor pek önemli değil yakıtı iyi olsun dersen dizel fiorino premio öneririm o paralara bulursun,2025-12-26T20:43:19.000Z
@tdoa38,Fiat grubundan uzak dur da ne alıyorsan al. Şansın yaver giderse anca temizine gelirsin. Yok yaver gitmezse sanayide bir sürü arkadaşın olur.,2025-12-26T21:52:23.000Z
@IMMORTAL_TURK_,courier tabiki 3 tane aldık taş gibi araba,2025-12-26T20:54:03.000Z
@deliveren1602,100-150 bin km arası Citroen c-elysee yada Peugeot 301 1.5 dizel manuel bul pişman olmazsın,2025-12-26T21:31:17.000Z
@Special_01force,Daha altı efsane kasa Toyota al Ytd. ,2025-12-26T20:48:19.000Z
@_beni7bitirdi_,"Düşük kilometre 2014-15 model Megane 3 al.. Dertsiz, sorunsuz binersin",2025-12-26T21:13:28.000Z
@Fandango0101,Tek araç bu.Megane 3 1.5 dci.,2025-12-26T21:49:22.000Z
@kursadbicer7878,Toyota corolla al derdi unut,2025-12-26T20:32:32.000Z
@hsanSerin5,Valla dertsiz ve aile arabası diyorsan. Temiz bir Cady 200 bin km altında bulabilirsen hiç düşünmeden al derim. Hem konfor hemde sağlamlık açısından binilecek araba. Bunlar artı yanları. Otomobile göre biraz yakıtı fazla ve kamyonet olması da eksi yanlarıdır.,2025-12-26T20:50:27.000Z
@Sadecelong,Hatchback clio yada duster 1.5 dci yağ ve filtre bakımlarını yaptır insan gibi kullan motorları 750.000 km yapıyor parçada işçilikte çok ucuz 700bine daha iyisini bulamazsın,2025-12-26T21:09:25.000Z
@kutuz26,Galerici olarak söylüyorum git temiz bir Fiesta al keyfine bak,2025-12-26T21:02:05.000Z
@yusuftekin27320,Toyotaya bin kafa rahat. Sanayici sana gıcık olur. 2 yıldır sanayi yüzü görmedim,2025-12-26T20:36:46.000Z
@mete_ozyurt,Cokmeski model olmayan EGEA alınabilir ve sizi üzmez.Bakmayin cok bilmiş muhendis ten daha çok mühendis olan cahillere.,2025-12-26T21:54:05.000Z
@cuneytemreasar,Fiat egea al devam et.,2025-12-26T20:16:08.000Z
@BinaliGenc1,"Toyotaya bin sadece asfaltı gör, sanayii nedir bilmez, kaputu kalkmış Toyota çok ender görülür,hatta görülmez bile ..",2025-12-26T20:40:54.000Z
@gecmeyenkin,Uzak ara Corolla.  Başka araba bakma.  Modeli de farketmez.  200 bini geçmemiş olursa iyi olur.,2025-12-26T19:22:13.000Z
@ksk_ahbap,Bu ülkede o 500.000-1.500.000 TL aralığında alınacak en mantıklı araç her zaman Egea olur. Yanına bütçeye göre diğer alternatifler sunabilirsiniz ama Egea her masada var :),2025-12-26T21:10:03.000Z
@emrllhckronline,"Hyundai Elantra (2010-2015), 1.6 benzin otomatik. Otomatik şanzımanı sorun çıkarmaz. Dohc motor sorunsuzdur, bilen bilir. Uzun yıllar götürür. Parçası uygun-normal. Her yerde bulunur. İç genişliği makul. Bagaj iyi. İdeal bir sedan araç. Çok seri bir araç, sınıfına göre.",2025-12-26T21:21:28.000Z
@papillonx35,Toyota 1.4 d alıp temizinden arkana yaslanacaksın usta sorunu yok taş gibi gibi canavar,2025-12-26T21:35:56.000Z
@delfiego,Hyundai,2025-12-26T20:36:52.000Z
@WHOMLESS_Eu,"Mercedes B180 (w245 kasa bulursan kacirma) tam kompakt aile arabasi MPV sinifindan. Uzun yol yaparsin, izolasyonu iyi, bagaji genis, esin de rahat kullanabilir. Her ortama gidiyor. Adi uzerinde cok amacli arac.  Termostat sorun cikarabilir bazen. Suspansiyon sert.",2025-12-26T21:47:07.000Z
@de_gofre,Herhangi bir Corolla,2025-12-26T20:35:12.000Z
@urulusoy_ugur,Mitsubishi kanser 1.6 köpek balığı,2025-12-26T22:49:04.000Z
@gelecekicinuret,El arabası yada at arabası ,2025-12-26T20:40:01.000Z
@ergunkrt,Edirne'den çıkınca bunları alabilirsiniz.,2025-12-26T23:23:19.000Z
@iamyourfather89,Pejo 301 ve Citroen c elysee 1.6 hdi veya 1.6 bluehdi. 510 litre bagaj 100 km de şehir içi 100km/ 5 tl yakıt yakar. Tek eksisi manuel. Kroniği olmayan konfor yönü segmenti denginde,2025-12-26T21:58:09.000Z
@mit57730385,Toyota Corolla,2025-12-26T22:38:29.000Z
